<?xml version='1.0' encoding='UTF-8'?>

<!-- =========== FULL CONFIGURATION FILE ================================== -->

<faces-config version="1.2" 
    xmlns="http://java.sun.com/xml/ns/javaee" 
    xmlns:xsi="http://www.w3.org/2001/XMLSchema-instance" 
    xsi:schemaLocation="http://java.sun.com/xml/ns/javaee http://java.sun.com/xml/ns/javaee/web-facesconfig_1_2.xsd">
    <managed-bean>
        <managed-bean-name>SessionBean1</managed-bean-name>
        <managed-bean-class>borrowerweb.SessionBean1</managed-bean-class>
        <managed-bean-scope>session</managed-bean-scope>
    </managed-bean>
    <managed-bean>
        <managed-bean-name>ApplicationBean1</managed-bean-name>
        <managed-bean-class>borrowerweb.ApplicationBean1</managed-bean-class>
        <managed-bean-scope>application</managed-bean-scope>
    </managed-bean>
    <managed-bean>
        <managed-bean-name>RequestBean1</managed-bean-name>
        <managed-bean-class>borrowerweb.RequestBean1</managed-bean-class>
        <managed-bean-scope>request</managed-bean-scope>
    </managed-bean>
    <navigation-rule>
        <from-view-id>/lms/book/publication/PublicationList.jsp</from-view-id>
        <navigation-case>
            <from-outcome>register</from-outcome>
            <to-view-id>/lms/book/publication/PublicationRegistration.jsp</to-view-id>
        </navigation-case>
        <navigation-case>
            <from-outcome>view</from-outcome>
            <to-view-id>/lms/book/publication/PublicationViewEdit.jsp</to-view-id>
        </navigation-case>
        <navigation-case>
            <from-outcome>itemList</from-outcome>
            <to-view-id>/lms/book/publication/PublicationItemList.jsp</to-view-id>
        </navigation-case>
        <navigation-case>
            <from-outcome>newItem</from-outcome>
            <to-view-id>/lms/book/publication/PublicationItemRegistration.jsp</to-view-id>
        </navigation-case>
    </navigation-rule>
    <navigation-rule>
        <from-view-id>/lms/book/publication/PublicationRegistration.jsp</from-view-id>
        <navigation-case>
            <from-outcome>list</from-outcome>
            <to-view-id>/lms/book/publication/PublicationList.jsp</to-view-id>
        </navigation-case>
        <navigation-case>
            <from-outcome>view</from-outcome>
            <to-view-id>/lms/book/publication/PublicationViewEdit.jsp</to-view-id>
        </navigation-case>
    </navigation-rule>
    <navigation-rule>
        <from-view-id>/lms/book/publication/PublicationViewEdit.jsp</from-view-id>
        <navigation-case>
            <from-outcome>list</from-outcome>
            <to-view-id>/lms/book/publication/PublicationList.jsp</to-view-id>
        </navigation-case>
    </navigation-rule>
    <navigation-rule>
        <from-view-id>/lms/book/publication/PublicationItemRegistration.jsp</from-view-id>
        <navigation-case>
            <from-outcome>itemList</from-outcome>
            <to-view-id>/lms/book/publication/PublicationItemList.jsp</to-view-id>
        </navigation-case>
        <navigation-case>
            <from-outcome>itemList</from-outcome>
            <to-view-id>/lms/book/publication/PublicationItemList.jsp</to-view-id>
        </navigation-case>
    </navigation-rule>
    <navigation-rule>
        <from-view-id>/lms/book/publication/PublicationItemList.jsp</from-view-id>
        <navigation-case>
            <from-outcome>newItem</from-outcome>
            <to-view-id>/lms/book/publication/PublicationItemRegistration.jsp</to-view-id>
        </navigation-case>
    </navigation-rule>
    <managed-bean>
        <managed-bean-name>lms$book$search$PublicationSearch</managed-bean-name>
        <managed-bean-class>borrowerweb.lms.book.search.PublicationSearch</managed-bean-class>
        <managed-bean-scope>request</managed-bean-scope>
    </managed-bean>
    <managed-bean>
        <managed-bean-name>lms$book$search$BookDetailedView</managed-bean-name>
        <managed-bean-class>borrowerweb.lms.book.search.BookDetailedView</managed-bean-class>
        <managed-bean-scope>request</managed-bean-scope>
    </managed-bean>
    <managed-bean>
        <managed-bean-name>lms$book$search$PeriodicalDetailedView</managed-bean-name>
        <managed-bean-class>borrowerweb.lms.book.search.PeriodicalDetailedView</managed-bean-class>
        <managed-bean-scope>request</managed-bean-scope>
    </managed-bean>
    <navigation-rule>
        <from-view-id>/lms/book/search/PublicationSearch.jsp</from-view-id>
        <navigation-case>
            <from-outcome>bookDetailedView</from-outcome>
            <to-view-id>/lms/book/search/BookDetailedView.jsp</to-view-id>
        </navigation-case>
        <navigation-case>
            <from-outcome>periodicalDetailedView</from-outcome>
            <to-view-id>/lms/book/search/PeriodicalDetailedView.jsp</to-view-id>
        </navigation-case>
        <navigation-case>
            <from-outcome>login</from-outcome>
            <to-view-id>/lms/user/login/Login.jsp</to-view-id>
        </navigation-case>
        <navigation-case>
            <from-outcome>userMain</from-outcome>
            <to-view-id>/lms/user/member/UserMain.jsp</to-view-id>
        </navigation-case>
    </navigation-rule>
    <managed-bean>
        <managed-bean-name>lms$borrowandreturn$BorrowRequest</managed-bean-name>
        <managed-bean-class>borrowerweb.lms.borrowandreturn.BorrowRequest</managed-bean-class>
        <managed-bean-scope>request</managed-bean-scope>
    </managed-bean>
    <navigation-rule>
        <from-view-id>/lms/book/search/BookDetailedView.jsp</from-view-id>
        <navigation-case>
            <from-outcome>borrowRequest</from-outcome>
            <to-view-id>/lms/borrowandreturn/BorrowRequest.jsp</to-view-id>
        </navigation-case>
        <navigation-case>
            <from-outcome>searchList</from-outcome>
            <to-view-id>/lms/book/search/PublicationSearch.jsp</to-view-id>
        </navigation-case>
        <navigation-case>
            <from-outcome>login</from-outcome>
            <to-view-id>/lms/user/login/Login.jsp</to-view-id>
        </navigation-case>
    </navigation-rule>
    <navigation-rule>
        <from-view-id>/lms/borrowandreturn/BorrowRequest.jsp</from-view-id>
        <navigation-case>
            <from-outcome>bookDetailedView</from-outcome>
            <to-view-id>/lms/book/search/BookDetailedView.jsp</to-view-id>
        </navigation-case>
        <navigation-case>
            <from-outcome>bookDetailedView</from-outcome>
            <to-view-id>/lms/book/search/BookDetailedView.jsp</to-view-id>
        </navigation-case>
    </navigation-rule>
    <navigation-rule>
        <from-view-id>/lms/user/member/UserRegistration.jsp</from-view-id>
        <navigation-case>
            <from-outcome>userList</from-outcome>
            <to-view-id>/lms/user/member/UserList.jsp</to-view-id>
        </navigation-case>
    </navigation-rule>
    <navigation-rule>
        <from-view-id>/lms/user/member/UserList.jsp</from-view-id>
        <navigation-case>
            <from-outcome>newUser</from-outcome>
            <to-view-id>/lms/user/member/UserRegistration.jsp</to-view-id>
        </navigation-case>
        <navigation-case>
            <from-outcome>bookBorrowStatus</from-outcome>
            <to-view-id>/lms/user/member/UserBorrowStatus.jsp</to-view-id>
        </navigation-case>
    </navigation-rule>
    <managed-bean>
        <managed-bean-name>lms$common$Page1</managed-bean-name>
        <managed-bean-class>borrowerweb.lms.common.Page1</managed-bean-class>
        <managed-bean-scope>request</managed-bean-scope>
    </managed-bean>
    <managed-bean>
        <managed-bean-name>lms$common$LMSMenu</managed-bean-name>
        <managed-bean-class>borrowerweb.lms.common.LMSMenu</managed-bean-class>
        <managed-bean-scope>request</managed-bean-scope>
    </managed-bean>
    <managed-bean>
        <managed-bean-name>lms$user$login$Login</managed-bean-name>
        <managed-bean-class>borrowerweb.lms.user.login.Login</managed-bean-class>
        <managed-bean-scope>request</managed-bean-scope>
    </managed-bean>
    <navigation-rule>
        <from-view-id>/lms/user/login/Login.jsp</from-view-id>
        <navigation-case>
            <from-outcome>borrowRequest</from-outcome>
            <to-view-id>/lms/borrowandreturn/BorrowRequest.jsp</to-view-id>
        </navigation-case>
        <navigation-case>
            <from-outcome>librarianMenu</from-outcome>
            <to-view-id>/lms/user/member/LibrarianMenu.jsp</to-view-id>
        </navigation-case>
        <navigation-case>
            <from-outcome>userMain</from-outcome>
            <to-view-id>/lms/user/member/UserMain.jsp</to-view-id>
        </navigation-case>
        <navigation-case>
            <from-outcome>searchList</from-outcome>
            <to-view-id>/lms/book/search/PublicationSearch.jsp</to-view-id>
        </navigation-case>
    </navigation-rule>
    <managed-bean>
        <managed-bean-name>lms$user$member$UserMain</managed-bean-name>
        <managed-bean-class>borrowerweb.lms.user.member.UserMain</managed-bean-class>
        <managed-bean-scope>request</managed-bean-scope>
    </managed-bean>
    <navigation-rule>
        <from-view-id>/lms/user/member/UserBorrowStatus.jsp</from-view-id>
        <navigation-case>
            <from-outcome>userList</from-outcome>
            <to-view-id>/lms/user/member/UserList.jsp</to-view-id>
        </navigation-case>
    </navigation-rule>
    <navigation-rule>
        <from-view-id>/lms/user/member/UserMain.jsp</from-view-id>
        <navigation-case>
            <from-outcome>searchList</from-outcome>
            <to-view-id>/lms/book/search/PublicationSearch.jsp</to-view-id>
        </navigation-case>
    </navigation-rule>
</faces-config>
